Date,target,sn,tf,jp,happiness,sadness,surprise,relationship,utterances
2022-01-21,0.21818181818181817,0.15181818181818182,0.84,0.7009090909090909,0.39,0.0,0.03409090909090909,8226777577498097.0,22
2022-01-23,0.19482758620689655,0.13586206896551725,0.8417241379310345,0.699655172413793,0.4224137931034483,0.0,0.06482758620689656,9218664983382546.0,29
2022-02-07,0.1888,0.14400000000000002,0.7956,0.7095999999999999,0.4828,0.0,0.045200000000000004,8899011976178473.0,25
2022-02-25,0.17368421052631577,0.12631578947368421,0.8578947368421053,0.7036842105263158,0.42105263157894735,0.0,0.056842105263157895,7956821267889851.0,19
2022-03-17,0.1745945945945946,0.14675675675675676,0.7764864864864865,0.692972972972973,0.3394594594594595,0.001891891891891892,0.03891891891891892,8839479431906463.0,37
2022-03-18,0.16285714285714287,0.12761904761904763,0.8142857142857144,0.6942857142857143,0.44857142857142857,0.0,0.05904761904761905,9011845075207684.0,21
2022-03-20,0.13714285714285715,0.1219047619047619,0.7990476190476191,0.7033333333333334,0.38,0.002857142857142857,0.04285714285714286,7243639435750708.0,21
2022-03-24,0.17461538461538462,0.12615384615384617,0.8584615384615385,0.6961538461538462,0.42,0.0038461538461538464,0.036153846153846154,9740018520304592.0,13
2022-03-27,0.16,0.13869565217391305,0.7813043478260869,0.6969565217391304,0.5082608695652173,0.0,0.0408695652173913,8643781953489736.0,23
2022-04-04,0.15439999999999998,0.1404,0.738,0.6956,0.38,0.0,0.032,9130360754814884.0,25
2022-04-12,0.176875,0.150625,0.73875,0.67375,0.420625,0.0,0.041875,7298981341149708.0,16
2022-04-15,0.21230769230769228,0.14,0.8253846153846154,0.7100000000000001,0.51,0.0,0.08538461538461539,8354938441738020.0,13
2022-04-17,0.18954545454545454,0.13,0.83,0.7254545454545455,0.44500000000000006,0.003181818181818182,0.05863636363636364,7555642614785907.0,22
2022-04-20,0.1531578947368421,0.12578947368421053,0.8073684210526316,0.7073684210526315,0.42157894736842105,0.0,0.04052631578947369,7939872055691924.0,19
2022-04-21,0.16666666666666666,0.12277777777777778,0.8666666666666667,0.7016666666666667,0.5266666666666667,0.0,0.06555555555555555,8366550901283228.0,18
2022-04-23,0.14523809523809525,0.12476190476190477,0.7928571428571428,0.7171428571428572,0.28904761904761905,0.0033333333333333335,0.014285714285714285,9418178081997860.0,21
2022-04-29,0.15375,0.14225000000000002,0.7405,0.704,0.33399999999999996,0.0,0.034,8480848742810811.0,40
2022-05-02,0.183125,0.146875,0.7825,0.711875,0.55625,0.0,0.06875,8601790188672076.0,16
2022-05-04,0.1772,0.1408,0.7996,0.7095999999999999,0.33759999999999996,0.0048,0.027999999999999997,9103612766991568.0,25
2022-05-08,0.19733333333333333,0.14466666666666667,0.8066666666666666,0.6766666666666666,0.45066666666666666,0.0,0.03866666666666667,9086861746969948.0,15
2022-05-11,0.14210526315789473,0.12947368421052632,0.7252631578947368,0.6805263157894736,0.4189473684210526,0.0,0.038421052631578946,8858386966957981.0,19
2022-05-12,0.16799999999999998,0.11750000000000001,0.8654999999999999,0.7175,0.5429999999999999,0.003,0.0635,8814288776923318.0,20
2022-05-20,0.16,0.1168421052631579,0.871578947368421,0.6989473684210527,0.49789473684210533,0.0,0.06736842105263158,8395917174384903.0,19
2022-05-23,0.15928571428571428,0.12928571428571428,0.8300000000000001,0.6642857142857144,0.5171428571428571,0.0,0.04285714285714286,8961982164975413.0,14
2022-05-25,0.19695652173913045,0.1326086956521739,0.8652173913043477,0.7026086956521739,0.5043478260869565,0.005217391304347826,0.058695652173913045,8160095203037834.0,23
2022-06-03,0.1962962962962963,0.1548148148148148,0.7748148148148147,0.6844444444444444,0.4248148148148148,0.0,0.044444444444444446,9051365987879768.0,27
2022-06-05,0.19117647058823528,0.14529411764705882,0.8035294117647059,0.71,0.47705882352941176,0.003529411764705882,0.07882352941176471,8265188586976464.0,17
2022-06-13,0.136,0.1355,0.735,0.7015,0.359,0.0,0.0485,8896953961803616.0,20
2022-06-16,0.17176470588235293,0.135,0.8279411764705882,0.7164705882352941,0.4597058823529412,0.0,0.05470588235294118,8436889302661892.0,34
2022-06-19,0.15842105263157896,0.11842105263157894,0.8563157894736841,0.6768421052631579,0.3957894736842105,0.0,0.04789473684210527,8741098632567453.0,19
2022-06-24,0.248125,0.16,0.828125,0.6925,0.4275,0.0,0.049375,9211267103896134.0,16
2022-07-09,0.16125,0.11937500000000001,0.86875,0.6975,0.37312500000000004,0.0,0.035625000000000004,8660445138782558.0,16
2022-07-10,0.17714285714285716,0.12666666666666668,0.8571428571428571,0.6880952380952381,0.5223809523809524,0.002857142857142857,0.07857142857142858,8591933641301502.0,21
2022-07-22,0.14945945945945946,0.12027027027027028,0.8405405405405406,0.7191891891891892,0.46162162162162157,0.0,0.03891891891891892,8829562234631495.0,37
2022-08-06,0.1605,0.12450000000000001,0.8465,0.6715,0.36150000000000004,0.0025,0.042499999999999996,9734263033275402.0,20
2022-08-10,0.18764705882352942,0.15000000000000002,0.7605882352941177,0.691764705882353,0.46705882352941175,0.003529411764705882,0.03882352941176471,8108536368331116.0,17
2022-08-14,0.168125,0.124375,0.843125,0.715625,0.514375,0.003125,0.078125,7965894168825221.0,16
2022-08-21,0.18045454545454545,0.14227272727272727,0.8045454545454546,0.6954545454545454,0.5054545454545454,0.0,0.04818181818181819,8926477035245047.0,22
2022-08-22,0.2040909090909091,0.1459090909090909,0.8322727272727272,0.6981818181818181,0.5554545454545455,0.0,0.06454545454545454,9009570878994360.0,22
2022-08-26,0.18105263157894735,0.15473684210526314,0.74,0.7031578947368421,0.2810526315789474,0.0,0.03736842105263158,8852445203569635.0,19
2022-09-01,0.15157894736842104,0.12947368421052632,0.7768421052631579,0.6857894736842105,0.5026315789473684,0.0,0.05789473684210527,8132934289642408.0,19
2022-09-04,0.16238095238095238,0.14523809523809522,0.7576190476190476,0.6971428571428571,0.3419047619047619,0.0,0.039047619047619046,8053920289346539.0,21
2022-09-05,0.1773684210526316,0.13473684210526315,0.8352631578947368,0.7168421052631578,0.3489473684210526,0.0,0.04105263157894737,9357547516942198.0,19
2022-09-14,0.1875,0.146,0.808,0.722,0.437,0.0,0.051500000000000004,8456777448988058.0,20
2022-09-18,0.1304761904761905,0.10047619047619047,0.8804761904761905,0.7376190476190476,0.34285714285714286,0.0,0.03571428571428571,8918453519756664.0,21
2022-09-20,0.1672,0.14600000000000002,0.7584000000000001,0.6868,0.4192,0.0,0.0444,9453010502632942.0,25
2022-10-03,0.17266666666666666,0.12200000000000001,0.86,0.704,0.5619999999999999,0.0,0.07,9059673797292660.0,15
2022-10-06,0.18782608695652175,0.1373913043478261,0.8395652173913043,0.6991304347826086,0.5221739130434783,0.0,0.07521739130434782,8282270882799552.0,23
2022-10-09,0.16966666666666666,0.13066666666666665,0.8236666666666667,0.7163333333333333,0.4293333333333333,0.0,0.039,8809974046317191.0,30
2022-10-13,0.155,0.12714285714285714,0.8157142857142857,0.6971428571428572,0.5,0.0,0.06,9252152016019078.0,14
2022-10-21,0.16092592592592592,0.14129629629629628,0.7574074074074074,0.6962962962962963,0.32,0.003888888888888889,0.04296296296296296,9269603137793528.0,54
2022-10-25,0.16344827586206898,0.12689655172413794,0.8293103448275863,0.7262068965517241,0.42068965517241375,0.0,0.07,9310893036408228.0,29
2022-10-31,0.190625,0.134375,0.834375,0.6799999999999999,0.550625,0.0,0.0625,8094010709062222.0,16
2022-11-04,0.19708333333333336,0.13625,0.8370833333333333,0.6916666666666668,0.4891666666666667,0.0,0.06625,6791592328005216.0,24
2022-11-05,0.14842105263157893,0.14,0.7478947368421052,0.7078947368421052,0.40842105263157896,0.0,0.02526315789473684,8677743236687276.0,19
2022-11-07,0.1841269841269841,0.13253968253968254,0.8406349206349206,0.7014285714285714,0.44126984126984126,0.002698412698412698,0.05952380952380952,8911920300756438.0,63
2022-11-09,0.1584848484848485,0.1290909090909091,0.8090909090909091,0.7054545454545453,0.4354545454545455,0.0,0.06666666666666667,8090846441132752.0,33
2022-11-11,0.206,0.14866666666666667,0.834,0.704,0.604,0.0,0.09200000000000001,9202483621631708.0,15
2022-12-17,0.14625,0.1275,0.803125,0.69,0.35750000000000004,0.0,0.023125,8414989561184926.0,16
2022-12-22,0.15214285714285714,0.1125,0.8735714285714286,0.6946428571428571,0.5867857142857142,0.0,0.06035714285714285,8565070907410514.0,28
2023-01-01,0.1376470588235294,0.10705882352941176,0.8694117647058823,0.6929411764705882,0.5617647058823529,0.004705882352941177,0.06705882352941177,9266927389009184.0,17
2023-01-09,0.14038461538461539,0.11692307692307692,0.8461538461538461,0.6753846153846154,0.435,0.0,0.04038461538461539,9056349753682848.0,26
2023-01-20,0.2125,0.1475,0.8339285714285715,0.7089285714285714,0.5032142857142857,0.0,0.04428571428571428,8554188899805645.0,28
2023-01-23,0.13555555555555554,0.11388888888888887,0.8477777777777777,0.7138888888888889,0.33166666666666667,0.013888888888888888,0.015555555555555557,8813186362255993.0,18
2023-01-27,0.145625,0.11625,0.8475,0.705,0.3040625,0.0053124999999999995,0.035,9128620321040268.0,32
2023-01-28,0.140625,0.108125,0.859375,0.704375,0.36875,0.004375,0.0375,9642164642318258.0,16
2023-01-29,0.21,0.1575,0.8075,0.684375,0.51,0.005,0.048125,9307929658016090.0,16
2023-02-01,0.18241379310344827,0.13344827586206898,0.84,0.6920689655172414,0.5044827586206897,0.0,0.03827586206896552,9397905650887454.0,29
2023-02-04,0.14777777777777779,0.12095238095238095,0.8184126984126985,0.7046031746031746,0.43682539682539684,0.0026984126984126986,0.04380952380952381,8511354697832037.0,63
2023-02-05,0.13818181818181818,0.105,0.8731818181818182,0.6513636363636364,0.4709090909090909,0.002727272727272727,0.045454545454545456,8062761356955011.0,22
2023-02-08,0.1617391304347826,0.13217391304347825,0.8256521739130435,0.6921739130434783,0.5165217391304348,0.002608695652173913,0.07217391304347827,9844441338205548.0,23
2023-02-09,0.16588235294117648,0.13529411764705884,0.7976470588235295,0.6888235294117646,0.3564705882352941,0.0,0.03470588235294118,8118782048998879.0,17
2023-02-22,0.14375,0.10250000000000001,0.895,0.714375,0.518125,0.01,0.04625,8672978670098686.0,16
2023-02-25,0.131,0.10075,0.8702500000000001,0.71075,0.38375,0.00425,0.041999999999999996,8601472417839939.0,40
2023-03-02,0.15608695652173915,0.12956521739130436,0.8017391304347826,0.7030434782608694,0.27869565217391307,0.002608695652173913,0.013478260869565217,8230587108838639.0,23
2023-03-06,0.15153846153846154,0.11807692307692307,0.8457692307692307,0.7065384615384616,0.49153846153846154,0.003076923076923077,0.04846153846153846,8337481911962425.0,26
2023-03-13,0.15,0.1405,0.7455,0.7045,0.3115,0.003,0.02,9222795546582362.0,20
2023-03-16,0.17421052631578948,0.1363157894736842,0.8242105263157895,0.6821052631578948,0.5310526315789473,0.0,0.06315789473684211,8912210341543454.0,19
2023-03-22,0.14791666666666667,0.1425,0.7116666666666666,0.6891666666666666,0.21125000000000002,0.0033333333333333335,0.011250000000000001,9810867648286560.0,24
2023-03-23,0.1802777777777778,0.1297222222222222,0.8638888888888889,0.6863888888888889,0.4813888888888889,0.0,0.04861111111111111,8727064676294526.0,36
2023-03-26,0.19047619047619047,0.13095238095238096,0.8761904761904761,0.7147619047619047,0.5595238095238095,0.0,0.05,8833456618153178.0,21
2023-03-27,0.17166666666666666,0.1275,0.8545833333333333,0.7166666666666667,0.4920833333333334,0.0,0.04583333333333334,8626697187223944.0,24
2023-03-28,0.10142857142857142,0.10428571428571429,0.8064285714285714,0.7521428571428571,0.3914285714285714,0.0,0.020714285714285713,9188183605069040.0,14
2023-04-02,0.18954545454545454,0.13977272727272727,0.8338636363636364,0.6925,0.49113636363636365,0.0,0.05159090909090909,8050681706233085.0,44
2023-04-03,0.20807692307692308,0.1553846153846154,0.8011538461538461,0.6684615384615384,0.4803846153846154,0.0023076923076923075,0.05346153846153846,8775409664711535.0,26
2023-04-07,0.1527777777777778,0.1111111111111111,0.8766666666666666,0.716111111111111,0.6072222222222222,0.0,0.04888888888888889,8307819240517520.0,18
2023-04-09,0.17433333333333334,0.12933333333333333,0.8466666666666666,0.6950000000000001,0.5133333333333333,0.006666666666666667,0.05333333333333334,8622282732767111.0,30
2023-04-10,0.14142857142857143,0.09285714285714286,0.9085714285714287,0.699047619047619,0.6033333333333333,0.006190476190476191,0.05428571428571429,9847958838513138.0,21
2023-04-16,0.18516129032258066,0.12419354838709677,0.8625806451612904,0.7287096774193549,0.5458064516129033,0.0064516129032258064,0.053870967741935484,8921363929009094.0,31
2023-04-18,0.14608695652173911,0.11565217391304349,0.8286956521739129,0.6843478260869565,0.4943478260869565,0.0034782608695652175,0.04956521739130435,9374180482031558.0,23
2023-04-20,0.19055555555555556,0.13277777777777777,0.8711111111111111,0.7127777777777777,0.5661111111111111,0.0,0.058333333333333334,7808961115464011.0,18
2023-04-25,0.15357142857142855,0.13,0.8235714285714285,0.6721428571428572,0.4442857142857143,0.004285714285714286,0.054285714285714284,8601109279995344.0,14
2023-05-01,0.17357142857142857,0.13178571428571428,0.8242857142857142,0.7042857142857143,0.5878571428571429,0.0,0.075,8918098899879472.0,28
2023-05-03,0.15822222222222224,0.11777777777777777,0.8671111111111112,0.712,0.5137777777777778,0.002666666666666667,0.04888888888888889,9178845735997990.0,45
2023-05-04,0.1502702702702703,0.11729729729729729,0.8556756756756757,0.6951351351351351,0.4821621621621622,0.002972972972972973,0.04405405405405405,8780508614468783.0,37
2023-05-06,0.15377777777777776,0.11933333333333333,0.842,0.698,0.384,0.0,0.036222222222222225,8976539411265563.0,45
2023-05-08,0.16611111111111113,0.1061111111111111,0.9033333333333334,0.7238888888888888,0.4794444444444445,0.0,0.061111111111111116,8252533375839609.0,18
2023-05-11,0.19157894736842107,0.14368421052631578,0.815,0.6955263157894737,0.43500000000000005,0.0,0.05552631578947368,8379665872895264.0,38
2023-05-16,0.195,0.14333333333333334,0.8288888888888889,0.6988888888888888,0.5138888888888888,0.0,0.05777777777777778,9364805539902828.0,18
2023-05-18,0.15454545454545454,0.1281818181818182,0.8027272727272727,0.7177272727272727,0.3931818181818182,0.0,0.03727272727272728,8852050271796639.0,22
2023-05-20,0.16157894736842104,0.1268421052631579,0.8410526315789474,0.6784210526315789,0.5521052631578948,0.002631578947368421,0.06526315789473684,8312670447622021.0,19
2023-05-21,0.1825,0.14250000000000002,0.776,0.712,0.3955,0.0,0.0375,8817652939649558.0,20
2023-05-24,0.1735294117647059,0.12470588235294118,0.8664705882352941,0.7005882352941176,0.43941176470588234,0.0,0.04470588235294118,9825562013158958.0,17
2023-05-25,0.17444444444444446,0.1163888888888889,0.8888888888888888,0.7033333333333334,0.5297222222222222,0.0,0.06055555555555556,8453630246683915.0,36
2023-05-27,0.1668421052631579,0.12842105263157894,0.8463157894736844,0.6952631578947368,0.40157894736842104,0.002631578947368421,0.05105263157894737,9282509058175930.0,19
2023-05-31,0.17473684210526316,0.12263157894736842,0.8700000000000001,0.7142105263157895,0.541578947368421,0.0,0.06894736842105263,7421924500857699.0,19
2023-06-02,0.15307692307692308,0.11923076923076924,0.8407692307692307,0.7115384615384616,0.48000000000000004,0.0,0.04461538461538462,9537253973311282.0,13
2023-06-03,0.16125,0.11750000000000001,0.87125,0.6956249999999999,0.454375,0.0,0.056875,9036890911822150.0,16
2023-06-06,0.14466666666666667,0.12711111111111112,0.7933333333333334,0.6948888888888889,0.28422222222222226,0.0024444444444444444,0.03266666666666666,8339138361829646.0,45
2023-06-09,0.16594594594594594,0.1072972972972973,0.897027027027027,0.7151351351351352,0.6162162162162163,0.0,0.07243243243243244,9344563555143270.0,37
2023-06-12,0.1443478260869565,0.10913043478260868,0.8704347826086957,0.7186956521739131,0.5378260869565218,0.0,0.0508695652173913,9081156781117304.0,23
2023-06-13,0.1588235294117647,0.12411764705882353,0.816078431372549,0.7156862745098039,0.4774509803921569,0.0,0.043529411764705886,9453318873054408.0,51
2023-06-15,0.16631578947368422,0.12000000000000001,0.8589473684210527,0.7184210526315788,0.5878947368421052,0.0,0.07789473684210527,8857043713199741.0,19
2023-06-16,0.17,0.12934782608695652,0.8393478260869565,0.688695652173913,0.4741304347826087,0.0,0.06021739130434783,8402577941279811.0,46
2023-06-19,0.22136363636363637,0.14363636363636365,0.8622727272727272,0.6986363636363636,0.5272727272727272,0.0,0.04681818181818182,8594462587884457.0,22
2023-06-21,0.1618918918918919,0.13378378378378378,0.8162162162162162,0.6983783783783784,0.40324324324324323,0.0,0.0445945945945946,8048203875417105.0,37
2023-06-26,0.1618,0.1244,0.8304,0.721,0.467,0.0036,0.0362,8620000598371028.0,50
2023-06-27,0.14916666666666667,0.10166666666666667,0.8980555555555555,0.7072222222222222,0.5627777777777778,0.001388888888888889,0.07583333333333334,8479725773599154.0,36
2023-07-03,0.16945945945945948,0.11554054054054055,0.8829729729729731,0.712027027027027,0.49337837837837833,0.0006756756756756757,0.051756756756756755,8942081487862673.0,74
2023-07-05,0.12714285714285714,0.09857142857142856,0.8857142857142858,0.6942857142857143,0.4361904761904762,0.002857142857142857,0.04476190476190476,8954454541078187.0,21
2023-07-06,0.178125,0.105625,0.916875,0.73125,0.579375,0.003125,0.06625,9809669345270510.0,16
2023-07-07,0.16096774193548388,0.11419354838709678,0.8816129032258065,0.6867741935483871,0.5058064516129032,0.0035483870967741938,0.034193548387096775,9237120662915500.0,31
2023-07-08,0.2223684210526316,0.13657894736842105,0.8660526315789473,0.7152631578947368,0.5826315789473684,0.0,0.041842105263157896,8899739622550562.0,38
2023-07-09,0.14633333333333332,0.11283333333333334,0.8608333333333333,0.7151666666666666,0.457,0.004666666666666667,0.0495,8577853159493856.0,60
2023-07-11,0.2211764705882353,0.14058823529411765,0.87,0.7064705882352941,0.5041176470588236,0.0,0.05235294117647059,9269526572418734.0,17
2023-07-12,0.18259259259259258,0.11037037037037037,0.9085185185185186,0.7248148148148148,0.5244444444444445,0.0022222222222222222,0.07888888888888888,9153677309188686.0,27
2023-07-15,0.1764102564102564,0.10846153846153847,0.9076923076923077,0.7282051282051282,0.631025641025641,0.001794871794871795,0.07358974358974359,9293062118654276.0,39
2023-07-16,0.16942857142857143,0.12228571428571429,0.8508571428571429,0.7291428571428571,0.5668571428571428,0.0017142857142857142,0.055428571428571424,7774354588329344.0,35
2023-07-17,0.17294117647058824,0.11294117647058824,0.8876470588235295,0.7047058823529412,0.5870588235294117,0.001764705882352941,0.05764705882352941,8733119770500954.0,34
2023-07-20,0.16333333333333333,0.10083333333333333,0.91,0.7279166666666667,0.5945833333333334,0.002916666666666667,0.07208333333333333,7969053053899535.0,24
2023-07-21,0.16583333333333333,0.13444444444444445,0.82,0.6877777777777777,0.4872222222222222,0.0,0.05611111111111111,9481159341452294.0,36
2023-07-22,0.1545,0.12,0.849,0.7064999999999999,0.558,0.0,0.05650000000000001,9318194147910758.0,20
2023-07-23,0.195,0.15285714285714286,0.8057142857142857,0.6671428571428571,0.3314285714285714,0.0,0.05,7310719305413659.0,14
2023-07-27,0.16944444444444443,0.1225,0.8513888888888889,0.71,0.4447222222222222,0.0030555555555555557,0.05027777777777778,8519586204637239.0,36
2023-07-31,0.16294117647058823,0.11705882352941177,0.8770588235294118,0.6923529411764706,0.5923529411764706,0.0,0.06294117647058824,8703695760510918.0,17
2023-08-01,0.1355,0.128,0.7885,0.7035,0.3295,0.0055,0.023,8499462112158616.0,20
2023-08-02,0.186,0.12733333333333335,0.882,0.7086666666666666,0.5366666666666667,0.004,0.059333333333333335,8047365994059291.0,15
2023-08-03,0.15636363636363637,0.11818181818181818,0.8672727272727273,0.696969696969697,0.4851515151515152,0.0,0.06,9156039008251110.0,33
2023-08-04,0.1725925925925926,0.1225925925925926,0.8722222222222222,0.7137037037037037,0.5181481481481481,0.0,0.04703703703703704,8506405008126772.0,27
2023-08-05,0.14526315789473684,0.12000000000000001,0.8273684210526316,0.6794736842105263,0.5131578947368421,0.002631578947368421,0.04684210526315789,9233825771956906.0,19
2023-08-07,0.17559999999999998,0.1376,0.8164,0.6944,0.44439999999999996,0.0024,0.042800000000000005,8241654107594051.0,25
2023-08-09,0.16447368421052633,0.12947368421052632,0.8221052631578947,0.6968421052631579,0.53,0.0,0.05578947368421053,8646108438839712.0,38
2023-08-11,0.15153846153846154,0.11907692307692308,0.8396923076923076,0.703076923076923,0.5129230769230769,0.001076923076923077,0.05846153846153847,8806621287685184.0,65
2023-08-12,0.13933333333333334,0.126,0.7553333333333333,0.7026666666666667,0.366,0.0,0.04133333333333333,8579687312194672.0,15
2023-08-13,0.1619047619047619,0.12428571428571428,0.8488095238095238,0.695952380952381,0.49833333333333335,0.0,0.06023809523809524,8536346992059860.0,42
2023-08-14,0.17242424242424242,0.11333333333333334,0.8893939393939394,0.7212121212121212,0.6224242424242424,0.00393939393939394,0.07515151515151515,8979452697921348.0,33
2023-08-15,0.15687500000000001,0.11750000000000001,0.8575,0.7068749999999999,0.294375,0.0,0.01375,8070919050328485.0,16
2023-08-16,0.16058823529411764,0.11823529411764706,0.8550980392156863,0.7043137254901961,0.5003921568627451,0.001176470588235294,0.04588235294117648,8188886830042835.0,51
2023-08-17,0.14594594594594595,0.10513513513513514,0.8827027027027028,0.7291891891891892,0.5894594594594594,0.002972972972972973,0.07243243243243244,8570057095487661.0,37
2023-08-19,0.1718421052631579,0.11736842105263158,0.8832894736842105,0.7213157894736842,0.4368421052631579,0.0017105263157894738,0.03710526315789473,9018356558216164.0,76
2023-08-21,0.14015873015873015,0.11746031746031746,0.8314285714285715,0.7298412698412698,0.5128571428571429,0.0015873015873015873,0.04777777777777777,8886956596314843.0,63
2023-08-22,0.20266666666666666,0.14533333333333334,0.8286666666666667,0.696,0.568,0.0,0.07533333333333332,7988707826227607.0,15
2023-08-23,0.17944444444444443,0.11,0.9116666666666666,0.725,0.5761111111111111,0.0,0.10111111111111111,9784078423076618.0,18
2023-08-24,0.1794736842105263,0.12710526315789475,0.8613157894736841,0.6997368421052631,0.47605263157894734,0.005,0.04078947368421053,9081079849946016.0,38
2023-08-25,0.1737142857142857,0.10057142857142858,0.9234285714285715,0.736,0.5705714285714285,0.006000000000000001,0.08571428571428572,9049704105088086.0,35
2023-08-26,0.15533333333333335,0.12466666666666668,0.8286666666666667,0.7044444444444444,0.38177777777777777,0.0011111111111111111,0.04555555555555555,9016123071392830.0,45
2023-08-27,0.18,0.1236842105263158,0.878421052631579,0.7163157894736841,0.45,0.003157894736842105,0.032105263157894734,8764939486509011.0,19
2023-08-28,0.15214285714285714,0.0975,0.9103571428571428,0.7160714285714286,0.4775,0.005714285714285714,0.04321428571428571,8456712574149463.0,28
2023-08-30,0.140625,0.1228125,0.7928125,0.7121875,0.4084375,0.0071875,0.0159375,8302445012627357.0,32
2023-08-31,0.18857142857142856,0.13690476190476192,0.8297619047619048,0.7097619047619047,0.52,0.0,0.05023809523809525,8335491237498342.0,42
2023-09-02,0.19,0.132,0.845,0.702,0.542,0.0,0.043000000000000003,8845294317949971.0,10
2023-09-03,0.17466666666666666,0.12666666666666665,0.8646666666666667,0.704,0.36133333333333334,0.008,0.03133333333333334,8506964096338724.0,15
2023-09-06,0.16666666666666666,0.12833333333333333,0.8402380952380952,0.715952380952381,0.4066666666666666,0.0,0.03833333333333334,8049885390008667.0,42
2023-09-08,0.16428571428571428,0.1538095238095238,0.7214285714285714,0.7028571428571428,0.2333333333333333,0.002380952380952381,0.006190476190476191,8446819662182232.0,21
2023-09-11,0.15785714285714286,0.12785714285714286,0.8200000000000001,0.7114285714285714,0.3828571428571429,0.0,0.05,7166940110666529.0,14
2023-09-12,0.13307692307692306,0.10769230769230768,0.8415384615384615,0.7153846153846153,0.5007692307692307,0.0,0.057692307692307696,9072533038884666.0,13
2023-09-13,0.16166666666666668,0.11027777777777778,0.8908333333333334,0.7116666666666666,0.6097222222222222,0.0,0.08972222222222222,8311514534788007.0,36
2023-09-15,0.13690476190476192,0.11261904761904763,0.8385714285714285,0.724047619047619,0.5026190476190476,0.005476190476190476,0.05880952380952381,8055823644252990.0,42
2023-09-17,0.15705882352941175,0.12735294117647059,0.821764705882353,0.7191176470588235,0.3573529411764706,0.001764705882352941,0.0461764705882353,9234579666862736.0,34
2023-09-20,0.11277777777777777,0.0911111111111111,0.8844444444444445,0.7327777777777778,0.5761111111111111,0.0,0.050555555555555555,6753056595141614.0,18
2023-09-21,0.14333333333333334,0.116,0.841,0.7146666666666666,0.48133333333333334,0.002,0.03966666666666666,8222239867691438.0,30
2023-09-22,0.2011764705882353,0.13529411764705881,0.8535294117647059,0.7152941176470589,0.4988235294117647,0.0,0.04294117647058823,8597607100333135.0,17
2023-09-24,0.18466666666666667,0.12866666666666668,0.8420000000000001,0.723,0.501,0.0023333333333333335,0.058333333333333334,8804879332995717.0,30
2023-10-01,0.15175,0.13075,0.7787499999999999,0.71975,0.4185,0.00125,0.028000000000000004,9130412389546520.0,40
2023-10-02,0.1796551724137931,0.12827586206896552,0.8472413793103448,0.7075862068965517,0.6255172413793104,0.0,0.06551724137931034,9563043452124052.0,29
2023-10-04,0.1497222222222222,0.12000000000000001,0.8338888888888889,0.7019444444444445,0.45999999999999996,0.0016666666666666666,0.04833333333333333,9344587513917736.0,36
2023-10-06,0.1387878787878788,0.0996969696969697,0.9,0.7224242424242424,0.47515151515151516,0.0,0.0493939393939394,9202728707709992.0,33
2023-10-08,0.17096774193548386,0.12290322580645162,0.8670967741935484,0.6819354838709678,0.46225806451612905,0.0,0.04387096774193549,8670207051815608.0,31
2023-10-13,0.17500000000000002,0.12302631578947368,0.8656578947368422,0.71,0.49684210526315786,0.0,0.04789473684210527,8917593489216906.0,76
2023-10-14,0.218125,0.134375,0.8981250000000001,0.69625,0.363125,0.0,0.0325,8719369534585822.0,16
2023-10-15,0.15611111111111112,0.13722222222222225,0.7761111111111112,0.6977777777777777,0.5594444444444444,0.0,0.05,8761171506391868.0,18
2023-10-17,0.16230769230769232,0.12128205128205127,0.8612820512820514,0.701025641025641,0.4717948717948718,0.0,0.04769230769230769,8658492157478352.0,39
2023-10-19,0.21022222222222225,0.14066666666666666,0.8537777777777779,0.7093333333333333,0.5557777777777778,0.0,0.06888888888888889,8030090578335666.0,45
2023-10-20,0.14833333333333334,0.09916666666666667,0.9083333333333333,0.7275,0.5295833333333334,0.007916666666666667,0.0625,9407093283493696.0,24
2023-10-21,0.14947368421052631,0.12789473684210528,0.7984210526315789,0.7128947368421052,0.46157894736842103,0.006842105263157895,0.045,8401703729324290.0,38
2023-10-22,0.14866666666666667,0.08066666666666666,0.9433333333333332,0.744,0.6326666666666667,0.0,0.09133333333333334,8690557167169267.0,15
2023-10-23,0.14419354838709678,0.11612903225806452,0.8264516129032259,0.7141935483870968,0.42548387096774193,0.001935483870967742,0.05161290322580645,9683804871113878.0,31
2023-10-24,0.216875,0.139375,0.87375,0.71,0.49125,0.0,0.038125,7964196541831875.0,16
2023-10-25,0.14333333333333334,0.12393939393939393,0.813030303030303,0.6990909090909091,0.44757575757575757,0.0024242424242424242,0.05181818181818182,9495908344055468.0,33
2023-10-28,0.2080851063829787,0.1370212765957447,0.8474468085106382,0.7131914893617021,0.46127659574468083,0.0,0.026170212765957445,8824505137269115.0,47
2023-10-29,0.1676923076923077,0.13153846153846155,0.8384615384615385,0.7046153846153846,0.5753846153846154,0.0,0.06153846153846154,7700839496862634.0,13
2023-11-02,0.16906976744186047,0.13627906976744186,0.8137209302325582,0.7093023255813954,0.555813953488372,0.0,0.07069767441860465,8734293510090559.0,43
2023-11-04,0.17388888888888887,0.13444444444444445,0.8294444444444444,0.6955555555555555,0.4822222222222222,0.0,0.04888888888888889,9140880366657200.0,18
2023-11-06,0.14058823529411765,0.11470588235294119,0.8352941176470587,0.7176470588235294,0.5223529411764706,0.007058823529411765,0.04764705882352942,8121411041411440.0,17
2023-11-09,0.14333333333333334,0.11125,0.8670833333333334,0.7016666666666667,0.5070833333333333,0.0020833333333333333,0.055,7885940615911307.0,24
2023-11-11,0.14368421052631578,0.10473684210526316,0.8768421052631579,0.721578947368421,0.5331578947368422,0.005263157894736842,0.05473684210526316,7505911054453123.0,19
2023-11-13,0.15222222222222223,0.10555555555555556,0.9072222222222224,0.6933333333333334,0.5722222222222223,0.0,0.060000000000000005,9885454739193670.0,18
2023-11-16,0.18000000000000002,0.164,0.6946666666666667,0.6833333333333333,0.3093333333333333,0.0,0.02866666666666667,8021915165762830.0,15
2023-11-17,0.16166666666666665,0.11875000000000001,0.8729166666666667,0.7120833333333333,0.5958333333333333,0.0,0.058750000000000004,6882501620949768.0,24
2023-11-21,0.13607843137254902,0.1123529411764706,0.8364705882352941,0.7205882352941176,0.3652941176470588,0.000980392156862745,0.03529411764705882,9604106739891950.0,51
2023-11-22,0.2138888888888889,0.14444444444444446,0.8394444444444444,0.7122222222222222,0.5755555555555555,0.0,0.06944444444444445,6563885429906267.0,18
2023-12-01,0.13790697674418603,0.1044186046511628,0.8748837209302325,0.7304651162790697,0.5279069767441861,0.0,0.041627906976744185,8937548781099130.0,43
2023-12-05,0.15133333333333335,0.14333333333333334,0.7426666666666667,0.6953333333333334,0.25666666666666665,0.0,0.013333333333333334,9201966628057932.0,15
2023-12-06,0.15157894736842104,0.11578947368421054,0.856842105263158,0.6984210526315789,0.46421052631578946,0.0,0.03684210526315789,9386479244536026.0,19
2023-12-08,0.16833333333333333,0.12944444444444445,0.8022222222222222,0.7055555555555555,0.5366666666666666,0.0,0.05777777777777778,8779326213532585.0,18
2023-12-09,0.16466666666666668,0.10666666666666667,0.9033333333333334,0.69,0.5846666666666667,0.0,0.07266666666666667,9241513986289972.0,15
2023-12-11,0.14375,0.111875,0.841875,0.696875,0.574375,0.0,0.055,9261106695028710.0,16
2023-12-16,0.1575,0.135,0.7975,0.711,0.4915,0.003,0.033,8056664186030533.0,20
2023-12-17,0.11235294117647059,0.09764705882352942,0.8500000000000001,0.7276470588235293,0.25823529411764706,0.0,0.018235294117647058,8793559772370769.0,17
2023-12-19,0.13529411764705881,0.11294117647058823,0.831764705882353,0.7176470588235294,0.47705882352941176,0.004705882352941177,0.048235294117647064,8985376628121971.0,17
2023-12-26,0.16466666666666668,0.11516666666666667,0.8725,0.716,0.4646666666666667,0.0008333333333333334,0.05483333333333333,8416359719007972.0,60
2023-12-31,0.15571428571428572,0.12142857142857144,0.8447619047619047,0.71,0.3357142857142857,0.0,0.030952380952380953,9381626136069992.0,21
2024-01-02,0.157,0.1255,0.8345,0.7135,0.48949999999999994,0.00125,0.0665,8913439649269989.0,40
2024-01-06,0.2084848484848485,0.13484848484848486,0.87,0.706060606060606,0.5475757575757576,0.0,0.059393939393939395,8450194995468113.0,33
2024-01-07,0.16952380952380952,0.13380952380952382,0.8195238095238095,0.7147619047619047,0.49952380952380954,0.0,0.03190476190476191,8868387639202653.0,21
2024-01-10,0.16416666666666666,0.14166666666666666,0.7733333333333333,0.7091666666666666,0.2554166666666667,0.0025,0.03375,9431388903246094.0,24
2024-01-11,0.1305,0.1115,0.8385,0.711,0.3795,0.0025,0.023,8865679942157272.0,20
2024-01-12,0.13799999999999998,0.11866666666666667,0.8333333333333334,0.7040000000000001,0.49,0.004,0.056,9202861509527368.0,15
