feature,rf_native,rf_permutation_oos_delta_mae,elastic_net_standardized_coefficient
target_lag_1,0.6039243272127403,2.8458671761198766,5.254283207542126
target_mean_7,0.2594262171834294,0.5795759009117967,0.9076994440631697
target_lag_2,0.07466001640669323,0.032569228425374463,0.0
target_lag_3,0.018135995438878737,0.009391277808386844,0.0
target_lag_7,0.004805645241042094,-0.000354243880473315,0.0
year_cos,0.0033882762976944836,0.030107488012643357,-0.32757279114196974
target_change_1,0.0020057468808899154,0.00770908490371216,0.0
humidity_lag_1,0.0019465459135346375,0.002427438398584836,-0.0
humidity_lag_30,0.0018141843442916537,-0.014066986803027249,-0.0
target_lag_365,0.0018027990481522978,0.0021380287096290696,0.2241742898491181
meanpressure_lag_2,0.0017897315574296685,0.008710728778065335,-0.0
year_sin,0.0017083951521720436,0.009777811089981547,0.0
target_std_365,0.0016957957930319113,-0.0013971262208817947,-0.0
meanpressure_lag_1,0.0015691716724367945,0.003052763353551713,-0.0
meanpressure_lag_7,0.0015200585860909175,-0.009037842624934322,-0.0
day_of_year,0.0015129402705472274,0.0010737476552578284,0.0
target_mean_30,0.0014487906873328167,0.00245621425136795,0.0
humidity_lag_7,0.0014151188198679204,-0.0014000655048859389,-0.0
target_change_7,0.0014107209429176603,0.00025477860019460505,0.0
target_lag_14,0.0014097494116553906,0.008398910648902835,0.0
target_std_30,0.0013005045280698535,-0.009499577127365622,-0.0
wind_speed_lag_2,0.0012820705379083556,0.0003458107264349364,0.0
wind_speed_lag_30,0.0011842919781469283,-0.0024849700247995933,0.0
humidity_lag_2,0.0011783564158585173,0.011637690592624761,-0.0
wind_speed_lag_7,0.001134396242713672,-0.009550475163993943,0.0
meanpressure_lag_30,0.0011322147835466977,0.001151254565486215,-0.0
target_std_7,0.0011258830230426388,-0.002455081696678185,0.0
wind_speed_lag_1,0.0011028271330307284,0.005674345466273501,0.0
target_lag_30,0.0009699929741006861,-0.0007640721364708059,0.0
target_mean_365,0.0008079962444866564,0.000513441155250427,0.0
day_of_week,0.0004437963568674918,-0.0030997039273906735,-0.0
week_sin,0.0004321635390521545,-0.0041676952071272085,0.0
week_cos,0.00041711882791552673,0.001319943814812552,0.0
month,9.816055443118629e-05,-8.733527390947238e-06,0.0
