,importancia_nativa,importancia_permutation
meantemp_lag_1,0.18585344372612447,0.11641156521010236
meantemp_roll_mean_7,0.15682490139044514,0.057568413402344844
meantemp_lag_2,0.12351847110983641,0.03326479921292815
meantemp_lag_3,0.11475776430825993,0.018513869366619272
doy_cos,0.07718388119608344,0.015249009073098497
meantemp_lag_365,0.06618259074330825,0.007396680540929878
meantemp_lag_7,0.06252544398725503,0.007542289305109718
meantemp_roll_mean_30,0.05023760026553579,0.011855017614408237
meanpressure_lag_1,0.04045303518144915,0.008181993425622114
meanpressure_lag_7,0.018439447169633756,0.0030109488651274495
meantemp_lag_14,0.017847069583835917,0.0032772466474236374
day_of_year,0.012044238013156211,0.004328209970685992
meanpressure_lag_14,0.011906995773562624,0.0028136749397068782
meantemp_lag_30,0.00972816385131219,0.0031744023240813267
meantemp_lag_21,0.009725884055106812,0.0023738832234553088
doy_sin,0.008378240935707885,0.004588884470280785
humidity_lag_1,0.007836768609278717,0.00755239298246555
month,0.005584083364393807,0.001620971366422963
humidity_lag_7,0.004856636321941297,0.0023846888751113404
humidity_lag_14,0.004434901586475973,0.0025625543106653657
meantemp_roll_std_30,0.0025911938112446946,0.0019154923062923545
meantemp_roll_std_7,0.002353170033703961,0.0017176919644388722
wind_speed_lag_7,0.001689891633847522,0.0015164211798350368
wind_speed_lag_1,0.0015030857273600898,0.0012790738092133048
wind_speed_lag_14,0.0014655581291253886,0.0011934483753884173
day_of_week,0.0007500852946034054,0.0007058350086209586
dow_sin,0.0007281874180583013,0.0006090398096779692
dow_cos,0.0005992667793538462,0.0005607255748564466
