,coeficiente_padronizado,zerado
meantemp_lag_1,2.687466686702557,False
meantemp_lag_2,0.8844597826134714,False
meantemp_roll_mean_7,0.8835965369336292,False
doy_cos,-0.6745711239316139,False
meantemp_lag_365,0.4865723735002574,False
humidity_lag_1,-0.4517079436578745,False
meantemp_roll_mean_30,0.4068240147904744,False
meantemp_lag_3,0.3292865625106104,False
meantemp_lag_14,0.30469489578346937,False
meantemp_lag_7,0.17962014175821056,False
meanpressure_lag_1,-0.13367495994890616,False
month,-0.10236493031598552,False
wind_speed_lag_1,-0.10055727645094883,False
day_of_year,-0.09350275131650569,False
meantemp_roll_std_30,-0.07345416957231683,False
meantemp_lag_30,0.0303044437247416,False
day_of_week,-0.020266498611439657,False
meantemp_roll_std_7,-0.010775264779085539,False
meantemp_lag_21,0.0,True
humidity_lag_7,0.0,True
humidity_lag_14,-0.0,True
wind_speed_lag_7,0.0,True
wind_speed_lag_14,0.0,True
meanpressure_lag_7,-0.0,True
meanpressure_lag_14,-0.0,True
doy_sin,0.0,True
dow_sin,0.0,True
dow_cos,0.0,True
