termo,coeficiente,p_valor
sigma2,2.6681175320061836,0.0
humidity_lag1,0.024291321897665336,2.4166620334323523e-07
ma.S.L7,-0.3469061370703161,0.010720527535918097
fourier_cos_1,-9.712399356698151,0.010731161572797864
ar.S.L7,0.3204580244451685,0.01873026495267204
wind_speed_lag1,-0.019182104651568038,0.05693036375341543
fourier_cos_2,-2.710124411617324,0.13732640508505392
fourier_sin_2,-1.7483743651328236,0.3245066810087358
meanpressure_lag1,0.015489427070299999,0.5418750986398733
fourier_sin_1,-0.02562101488258847,0.9941356484302936
